age_group,loss_amount_hkd
18-29,53.81
18-29,2378.95
18-29,2696.5
18-29,1321.87
18-29,290.63
18-29,82.22
18-29,922.2
18-29,464.07
18-29,104.12
18-29,546.84
18-29,27.99
18-29,1920.34
18-29,239.57
18-29,869.0
18-29,298.84
18-29,587.29
18-29,632.98
18-29,163.51
18-29,2794.25
18-29,1193.8
18-29,2244.08
18-29,1801.72
18-29,728.84
18-29,2039.55
18-29,74.12
18-29,174.51
18-29,37.03
18-29,314.83
18-29,393.7
18-29,253.25
18-29,1411.65
18-29,352.98
18-29,263.84
18-29,625.93
18-29,121.52
18-29,1296.39
18-29,61.98
18-29,3467.32
18-29,1183.59
18-29,177.23
18-29,4.43
18-29,1351.92
18-29,981.68
18-29,1044.53
18-29,1180.17
18-29,61.54
18-29,355.11
18-29,98.52
18-29,1590.82
18-29,781.04
18-29,321.46
18-29,52.53
18-29,297.99
18-29,314.65
18-29,1046.3
18-29,811.91
18-29,1745.8
18-29,511.25
18-29,101.9
18-29,999.3
18-29,1144.31
18-29,659.11
18-29,1179.11
18-29,544.65
18-29,591.74
18-29,446.25
18-29,20.6
18-29,91.33
18-29,25.55
18-29,809.38
18-29,301.92
18-29,568.35
18-29,1905.01
18-29,229.39
18-29,422.63
18-29,1127.0
18-29,207.84
18-29,64.08
18-29,273.71
18-29,140.65
18-29,2123.96
18-29,1320.71
18-29,802.8
18-29,1641.22
18-29,1302.38
18-29,165.2
18-29,1784.65
18-29,620.08
18-29,1317.88
18-29,1811.39
18-29,306.18
18-29,93.27
18-29,206.95
18-29,445.65
18-29,1363.06
18-29,1577.08
18-29,5.58
18-29,571.9
18-29,432.22
18-29,200.93
30-49,191.52
30-49,617.86
30-49,4294.68
30-49,585.58
30-49,1097.18
30-49,1821.13
30-49,677.96
30-49,5351.7
30-49,4923.01
30-49,435.09
30-49,1031.49
30-49,536.9
30-49,502.87
30-49,56.38
30-49,1410.74
30-49,1047.78
30-49,79.28
30-49,489.94
30-49,3583.29
30-49,410.79
30-49,234.8
30-49,1008.41
30-49,6366.06
30-49,415.72
30-49,1672.73
30-49,2150.83
30-49,407.0
30-49,1954.12
30-49,687.78
30-49,1500.76
30-49,1505.76
30-49,1151.08
30-49,141.94
30-49,2705.47
30-49,580.22
30-49,309.65
30-49,62.44
30-49,1340.67
30-49,1697.78
30-49,25.09
30-49,1076.45
30-49,385.24
30-49,1554.19
30-49,287.41
30-49,1761.32
30-49,733.44
30-49,4140.52
30-49,221.92
30-49,625.7
30-49,180.67
30-49,3879.29
30-49,3147.5
30-49,447.49
30-49,1618.14
30-49,2549.23
30-49,1215.2
30-49,1131.42
30-49,415.32
30-49,146.59
30-49,3412.68
30-49,3460.16
30-49,1504.0
30-49,621.07
30-49,644.35
30-49,1941.7
30-49,3411.15
30-49,3271.7
30-49,2270.34
30-49,1540.97
30-49,131.84
30-49,264.44
30-49,3432.35
30-49,1398.74
30-49,13.86
30-49,160.5
30-49,1633.74
30-49,7.61
30-49,262.97
30-49,1193.55
30-49,1765.97
30-49,1583.16
30-49,380.92
30-49,1868.13
30-49,406.24
30-49,590.45
30-49,2058.54
30-49,1573.16
30-49,2837.93
30-49,1607.72
30-49,1260.07
30-49,147.54
30-49,687.62
30-49,462.24
30-49,419.55
30-49,5418.46
30-49,749.08
30-49,3339.08
30-49,1496.0
30-49,2375.74
30-49,1047.65
50-64,3010.55
50-64,2374.03
50-64,760.25
50-64,4486.17
50-64,1153.52
50-64,86.16
50-64,3629.39
50-64,682.27
50-64,9873.79
50-64,10771.47
50-64,8622.28
50-64,1618.01
50-64,54.52
50-64,9224.33
50-64,1956.28
50-64,11902.95
50-64,11598.07
50-64,6710.85
50-64,1220.72
50-64,1702.02
50-64,6666.54
50-64,1334.01
50-64,650.02
50-64,2848.08
50-64,9629.53
50-64,4167.89
50-64,2954.39
50-64,357.8
50-64,3340.86
50-64,16136.99
50-64,528.22
50-64,2556.73
50-64,7345.13
50-64,4725.12
50-64,4179.26
50-64,4243.01
50-64,1559.22
50-64,1216.47
50-64,5800.81
50-64,5814.65
50-64,7062.83
50-64,8556.16
50-64,2506.33
50-64,2436.65
50-64,5603.32
50-64,3674.02
50-64,4236.93
50-64,5560.17
50-64,7725.63
50-64,1443.69
50-64,1648.28
50-64,345.44
50-64,3021.95
50-64,128.11
50-64,2193.12
50-64,2738.03
50-64,1181.71
50-64,3127.71
50-64,108.41
50-64,133.22
50-64,6052.73
50-64,1563.05
50-64,475.61
50-64,2585.29
50-64,5143.77
50-64,850.91
50-64,3413.27
50-64,312.24
50-64,185.73
50-64,2652.68
50-64,2722.69
50-64,3550.88
50-64,4532.36
50-64,13032.45
50-64,2542.02
50-64,1365.07
50-64,5549.79
50-64,1105.48
50-64,2022.94
50-64,285.97
50-64,89.87
50-64,11505.83
50-64,6327.19
50-64,4167.25
50-64,1840.51
50-64,666.07
50-64,595.42
50-64,1008.02
50-64,2788.77
50-64,4388.47
50-64,3777.87
50-64,1149.44
50-64,10843.36
50-64,4686.56
50-64,2828.81
50-64,3311.11
50-64,1904.13
50-64,996.31
50-64,1540.05
50-64,4963.64
65+,123.23
65+,1048.73
65+,400.3
65+,353.44
65+,16440.73
65+,10338.05
65+,5463.67
65+,875.13
65+,5750.4
65+,5452.33
65+,1616.66
65+,4835.64
65+,4320.86
65+,8132.14
65+,8568.97
65+,394.08
65+,3989.76
65+,8356.56
65+,5945.24
65+,16501.47
65+,9137.29
65+,1511.75
65+,622.05
65+,8741.35
65+,228.39
65+,7491.45
65+,23946.67
65+,7282.65
65+,4176.06
65+,8762.03
65+,5210.13
65+,6704.92
65+,24124.08
65+,4147.38
65+,27617.28
65+,20039.4
65+,1852.12
65+,611.02
65+,902.92
65+,156.31
65+,843.24
65+,9765.44
65+,627.72
65+,3265.34
65+,15839.97
65+,200.15
65+,14318.51
65+,2814.21
65+,1068.88
65+,10141.82
65+,8426.89
65+,17845.03
65+,11290.5
65+,13829.46
65+,2816.34
65+,1660.33
65+,11804.43
65+,13975.78
65+,39584.54
65+,4522.67
65+,3954.57
65+,12732.61
65+,3542.24
65+,22696.17
65+,16616.13
65+,4763.02
65+,11813.17
65+,11939.38
65+,925.12
65+,19791.79
65+,5981.51
65+,14886.33
65+,3278.75
65+,19199.72
65+,4190.4
65+,92.62
65+,20042.21
65+,813.67
65+,3269.56
65+,25474.27
65+,25567.57
65+,7241.98
65+,8493.46
65+,5057.62
65+,2949.69
65+,3387.13
65+,9488.75
65+,11864.62
65+,13329.66
65+,13250.06
65+,812.91
65+,5797.42
65+,503.89
65+,6778.42
65+,4951.72
65+,18586.26
65+,3673.63
65+,1058.3
65+,1311.62
65+,12184.16
