daily_interaction_min,cantonese_asr_accuracy_pct,fraud_interception_rate_pct,user_satisfaction_score
115.1,86.77,82.68,3.46
27.19,87.24,83.35,3.24
24.3,77.46,89.47,3.15
129.16,85.29,87.96,4.39
22.37,87.25,97.38,3.68
149.72,80.58,86.89,4.45
130.06,81.19,91.03,3.13
23.83,83.68,92.01,3.63
24.42,75.46,80.25,4.08
177.73,82.41,92.61,4.58
73.63,79.86,83.38,3.64
73.01,82.53,98.26,4.25
148.18,77.75,82.82,4.77
171.03,95.48,87.88,4.23
177.62,88.65,81.62,3.47
138.07,90.62,98.94,3.05
73.96,93.15,89.54,4.74
24.2,86.46,91.31,3.04
142.11,77.0,81.27,4.75
104.93,87.35,94.25,4.06
82.12,88.5,83.99,4.88
164.08,92.15,97.06,4.6
28.9,84.93,83.9,5.0
93.75,77.93,83.62,3.7
11.93,81.53,80.69,4.53
89.67,83.35,88.97,3.8
19.57,89.86,90.73,3.96
30.2,88.13,81.25,4.26
29.98,83.19,94.74,4.75
120.37,97.69,88.61,4.97
136.83,88.93,89.96,4.54
109.17,80.46,88.37,3.84
173.57,77.34,87.61,3.84
73.73,78.52,90.63,4.48
58.57,80.66,82.95,3.48
157.66,78.7,83.46,3.22
48.01,79.29,96.37,3.71
173.75,81.56,97.98,3.57
12.07,78.99,87.09,3.59
174.88,95.63,85.14,3.47
17.34,76.85,92.24,3.08
161.49,87.06,87.77,3.04
99.71,84.44,80.48,4.98
178.8,97.59,82.97,3.86
22.55,77.58,93.6,3.77
104.16,84.15,92.52,4.36
174.78,97.3,80.51,3.44
98.93,94.91,84.22,4.9
117.0,93.79,84.39,4.57
128.28,80.93,92.77,3.18
87.27,78.93,80.37,3.84
116.68,90.38,81.98,4.76
109.33,96.38,95.2,4.89
163.2,87.81,83.39,3.93
17.73,88.15,92.4,4.23
57.76,81.44,84.53,3.33
171.57,92.7,81.89,4.98
161.34,79.3,84.62,3.46
87.46,82.44,93.72,4.89
115.42,84.79,96.26,4.3
57.15,86.68,95.77,4.22
41.98,80.58,87.55,4.03
88.83,77.64,92.69,3.46
70.07,89.04,83.89,3.35
109.22,81.64,85.57,3.44
23.21,88.37,97.03,3.37
175.65,78.55,80.25,4.56
177.66,86.07,81.62,3.7
128.69,87.25,83.95,3.12
101.14,76.19,80.5,4.94
62.62,82.74,83.45,4.77
148.35,78.09,91.08,4.86
126.4,76.46,88.01,4.99
37.64,97.77,96.96,3.35
164.86,82.41,95.53,3.79
149.83,93.63,86.49,4.52
171.47,80.86,84.93,4.39
133.37,90.67,87.21,3.31
114.28,92.49,91.22,4.63
81.1,88.7,85.09,3.45
168.56,85.85,91.86,3.45
157.23,84.47,87.78,4.07
17.69,83.02,90.49,4.19
14.48,96.38,88.29,4.16
74.0,94.1,85.59,3.18
147.79,97.2,98.02,4.75
177.84,77.86,94.51,3.53
35.57,91.81,82.66,3.26
111.0,96.58,96.5,4.78
74.75,79.17,89.26,4.91
174.89,76.53,97.0,4.72
153.16,92.05,95.2,4.62
152.52,88.21,88.08,4.31
89.68,94.36,80.43,4.1
80.52,78.21,85.1,3.17
56.48,93.29,90.29,3.82
19.58,79.64,92.04,3.75
157.0,78.76,84.9,3.52
148.19,78.78,82.65,4.45
179.95,93.74,95.86,3.99
179.43,90.3,98.7,3.16
104.42,87.03,89.99,3.44
140.73,83.25,83.26,4.37
170.61,95.18,85.17,3.15
154.44,84.03,80.35,4.7
52.05,93.78,97.37,3.99
86.59,85.1,82.24,3.96
31.96,83.67,90.95,4.18
172.19,85.64,85.21,4.65
113.05,81.93,90.53,3.7
48.87,92.2,92.38,4.36
124.19,86.56,95.77,4.13
115.08,80.34,83.92,3.53
70.89,95.69,80.21,4.76
29.3,83.83,82.6,4.59
124.17,87.5,97.1,4.32
98.45,95.85,96.6,4.7
141.29,89.36,91.35,4.73
98.43,77.69,91.41,4.42
154.87,96.62,92.64,4.67
103.82,89.44,83.33,4.39
105.36,82.7,97.37,4.36
159.03,78.2,87.96,4.24
78.59,93.26,87.28,4.51
32.78,89.26,89.86,3.32
14.89,87.27,80.89,4.76
138.37,95.56,83.16,4.74
115.45,93.14,94.02,3.06
129.69,78.49,81.57,4.65
46.2,82.17,91.46,3.26
33.18,80.72,84.66,3.67
12.47,92.11,87.4,4.49
69.6,75.77,85.49,3.32
110.29,88.11,86.76,4.64
76.68,92.54,93.66,4.66
84.37,95.17,85.65,4.01
163.71,82.87,90.76,3.01
69.2,93.89,89.04,3.57
97.38,77.54,92.61,4.23
143.22,94.47,97.8,4.96
77.41,77.93,93.92,4.26
115.75,84.14,84.08,3.52
156.6,93.34,80.59,4.27
171.42,78.45,84.98,4.08
35.0,80.27,91.31,4.56
167.52,91.61,80.98,3.21
93.66,91.56,89.43,4.52
53.9,89.75,91.34,4.08
88.05,90.96,86.35,4.93
176.61,87.48,94.65,3.68
93.75,80.79,82.03,4.27
65.89,82.95,81.43,4.86
117.68,79.18,93.84,3.21
50.82,95.89,89.41,4.87
22.9,88.42,93.08,4.38
31.91,84.22,88.26,3.14
31.77,85.63,84.68,3.6
35.82,96.79,95.56,4.42
33.6,78.53,95.19,3.13
118.95,88.48,93.2,4.16
40.92,86.64,85.17,3.69
68.76,89.06,91.21,4.24
162.45,75.42,86.86,3.09
90.57,95.06,81.74,4.74
123.48,96.44,97.43,4.95
39.29,88.0,82.6,4.94
42.69,91.02,98.05,4.5
16.95,96.22,88.47,3.26
38.72,91.27,83.52,4.52
57.36,78.51,90.3,3.05
40.09,88.25,96.59,3.04
25.08,88.95,93.91,3.65
30.51,84.76,95.32,3.98
88.33,91.94,92.52,4.54
45.08,96.49,93.15,4.37
71.93,96.29,96.13,3.89
95.58,85.37,84.74,3.55
127.37,77.6,89.3,4.99
16.68,97.65,84.2,3.85
145.9,94.29,98.77,3.9
116.74,77.87,97.94,3.33
23.9,96.18,80.75,4.59
158.51,95.01,93.41,4.39
166.55,86.93,97.58,3.44
20.38,88.6,83.43,3.16
57.07,84.18,90.79,4.36
147.05,76.26,97.39,4.31
137.2,82.71,80.64,3.55
41.37,93.47,93.25,4.9
45.59,75.11,85.65,3.3
72.98,82.67,97.56,3.86
92.37,84.16,98.45,4.89
115.1,87.36,97.94,3.84
72.72,96.16,89.01,4.28
88.63,82.97,96.38,3.8
137.07,82.98,96.05,3.55
16.24,91.96,86.06,4.97
52.91,85.4,95.75,3.82
131.27,80.17,80.7,4.79
162.19,85.41,91.33,3.46
