month,monthly_revenue_hkd,cumulative_roi_pct
1,93742.3,-98.13
2,165423.33,-94.82
3,207714.71,-90.66
4,277541.6,-85.11
5,322577.5,-78.66
6,379911.13,-71.06
7,437842.19,-62.3
8,490745.01,-52.49
9,551455.59,-41.46
10,627686.49,-28.91
11,649173.89,-15.92
12,721856.7,-1.49
13,748057.07,13.47
14,863730.44,30.75
15,830915.13,47.37
16,996614.42,67.3
17,966626.64,86.63
18,949683.22,105.63
19,1084042.19,127.31
20,1092900.51,149.16
21,1235552.44,173.88
22,1199537.31,197.87
23,1265411.27,223.17
24,1221162.4,247.6
25,1371131.09,275.02
26,1280545.93,300.63
27,1391730.77,328.47
28,1625243.89,360.97
29,1683649.81,394.64
30,1709902.59,428.84
31,1644997.06,461.74
32,1778604.02,497.31
33,1836811.94,534.05
34,1781880.37,569.69
35,2091973.46,611.53
36,2087736.23,653.28
